TimeMS,Input,Output_1,Output_2
0.000000,2047,1965,1995
0.020833,2325,1955,1994
0.041667,2540,1966,1995
0.062500,2642,1993,1984
0.083333,2608,1999,1984
0.104167,2444,1996,1956
0.125000,2190,1994,1955